Title,Link,Description,Remote_testing,Adaptive_Testing,Job_levels,Language,Duration
SAP Materials Management (New),https://www.shl.com/solutions/products/product-catalog/view/sap-materials-management-new/,"Multi-choice test that measures the knowledge of SAP materials management, organization units integration, purchasing, pricing, release procedure, contracts, inventory management, invoice verification, split valuation, account determination and integration of materials management with other modules.",yes,no,"Mid-Professional, Professional Individual Contributor,","English (USA),",Approximate Completion Time in minutes = 10
.NET XAML (New),https://www.shl.com/solutions/products/product-catalog/view/net-xaml-new/,"Multi-choice test that measures the knowledge of XAML triggers, data binding, custom controls and layouts.",yes,no,"Mid-Professional, Professional Individual Contributor,","English (USA),",Approximate Completion Time in minutes = 5
IBM DataStage (New),https://www.shl.com/solutions/products/product-catalog/view/ibm-datastage-new/,"Multi-choice test that measures the knowledge on the concepts of Data Warehouse fundamentals, DataStage fundamentals, DataStage stages and, DataStage Designer & Director.",yes,no,"Mid-Professional, Professional Individual Contributor,","English (USA),",Approximate Completion Time in minutes = 15
SAP SD (Sales and Distribution) (New),https://www.shl.com/solutions/products/product-catalog/view/sap-sd-sales-and-distribution-new/,"Multi-choice test that measures the knowledge of ERP basics, SAP architecture, sales, distribution, master data, documents, basic functions in S&D, billing process, order and delivery processing.",yes,no,"Mid-Professional, Professional Individual Contributor,","English (USA),",Approximate Completion Time in minutes = 8
SAP Hybris (New),https://www.shl.com/solutions/products/product-catalog/view/sap-hybris-new/,"Multi-choice test that measures the knowledge of Hybris extensions, its architecture, configuration, data modelling and management, service layer programming, cockpit framework and workflows.",yes,no,"Mid-Professional, Professional Individual Contributor,","English (USA),",Approximate Completion Time in minutes = 20
ADO.NET (New),https://www.shl.com/solutions/products/product-catalog/view/ado-net-new/,"Multi-choice test that measures the knowledge on the concepts of ADO.NET architecture, components and data provider objects.",yes,no,"Mid-Professional, Professional Individual Contributor,","English (USA),",Approximate Completion Time in minutes = 10
Industrial - Semi-skilled 7.1 (Americas),https://www.shl.com/solutions/products/product-catalog/view/industrial-semi-skilled-7-1-%28americas%29/,"Our Industrial  Semi-skilled 7.1 solution is designed for entry-level positions and measures the behaviors and experiences that underlie successful and safe performance for production workers. The solution assesses behaviors and competencies foundational to industrial roles including: following policies and procedures; applying relevant trade skills; wearing required protective equipment; working with or monitoring equipment; producing high quality work; effectively working with others; and maintaining an orderly work environment. 
Potential job titles that use this solution include: Production and Assembly Worker, Construction Worker, Extraction Technician.Please note this package is in Americas norm.",yes,no,"Entry-Level,","English (USA), Portuguese (Brazil), French (Canada),",Approximate Completion Time in minutes = 24
Polymer Engineering (New),https://www.shl.com/solutions/products/product-catalog/view/polymer-engineering-new/,"Multi-choice test that measures the knowledge of characterization of polymers, processing, synthesis, testing and applications in daily life.",yes,no,"Professional Individual Contributor, Graduate, Mid-Professional,","English (USA),",Approximate Completion Time in minutes = 8
Industrial Professional and Skilled 7.1 (Americas),https://www.shl.com/solutions/products/product-catalog/view/industrial-professional-and-skilled-7-1-%28americas%29/,"Our Industrial  Professional and Skilled 7.1 solution is designed to measure the behaviors and experiences that underlie successful and safe performance in the workplace for specialized technical or professional industrial roles. 
This solution assesses mechanical comprehension and other foundational behaviors including: behaving safely and efficiently in the workplace; installing, repairing, and/or maintaining equipment and machinery; making sound mechanical decisions; maintaining an orderly work environment; and producing high quality and reliable work.IMPORTANT! Please note that you will need to select the correct package depending on which norm you intend to use. The package available for this product is International and Americas"".",yes,no,"Entry-Level,","Portuguese (Brazil), English (USA), French (Canada),",Approximate Completion Time in minutes = 49
SAP ABAP (Intermediate Level) (New),https://www.shl.com/solutions/products/product-catalog/view/sap-abap-intermediate-level-new/,"Multi-choice test that measures the knowledge of SAP ABAP dictionary, elements, operations, architecture, ABAP data types, ABAP reporting, batch data communication, dialog programming, EDI, ALE, IDOC interface, BADI, BAPI and function module.",yes,no,"Mid-Professional, Professional Individual Contributor,","English (USA),",Approximate Completion Time in minutes = 9
Sales Supervisor Solution,https://www.shl.com/solutions/products/product-catalog/view/sales-supervisor-solution/,"The Sales Supervisor solution is an assessment used for job candidates applying to entry-level sales leadership positions that generally supervise employees and have a significant portion of their job performance based on sales. Sample tasks for these jobs include, but are not limited to: planning and preparing work schedules, promoting products to customers; training subordinates; building ongoing customer relationships;
and making day-to-day decisions with minimal guidance from others. Potential job titles that use this solution are: Assistant Sales Manager and Sales Supervisor. Multiple configurations of this solution are available.",yes,yes,"Front Line Manager, Manager, Supervisor,","English (USA),",Approximate Completion Time in minutes = 38
Agency Manager Solution,https://www.shl.com/solutions/products/product-catalog/view/agency-manager-solution/,"The Agency Manager solution is for mid-level sales management positions that include front line management and sales responsibilities. Sample tasks for this job include, but are not limited to: directing and coordinating financial activities of workers in a branch, office, or department of an establishment, such as branch bank, brokerage firm, risk and insurance department, or credit department.  Potential job titles that use this solution are: Agency Manager, Brokerage Manager. Multiple configurations of this solution are available.",yes,yes,"Front Line Manager, Manager, Supervisor,","English (USA),",Approximate Completion Time in minutes = 51
Verify - Working with Information,https://www.shl.com/solutions/products/product-catalog/view/verify-working-with-information/,This test measures a candidate's ability to process information. Candidates are given information in different table formats and are asked to use the information provided to answer related questions.,yes,no,"Entry-Level,","Greek, Arabic, Chinese Simplified, German, French, Italian, Dutch, English International, English (USA), Latin American Spanish,",Approximate Completion Time in minutes = 10
Apache Hadoop Extensions (New),https://www.shl.com/solutions/products/product-catalog/view/apache-hadoop-extensions-new/,"Multi-choice test that measures the conceptual knowledge of Pig, Hive and HBase.",yes,no,"Mid-Professional, Professional Individual Contributor,","English (USA),",Approximate Completion Time in minutes = 9
Bank Administrative Assistant - Short Form,https://www.shl.com/solutions/products/product-catalog/view/bank-administrative-assistant-short-form/,"The Administrative Assistant solution is for entry-level clerical positions that interact with external or internal customers. Sample tasks for these jobs include, but are not limited to: answering telephones, managing files and records, sorting mail, greeting customers, and collaborating with co-workers on projects. Potential job titles that use this solution are: Receptionist and Administrative Assistant. There are multiple configurations of this solution available.",yes,no,"Entry-Level,","English (USA),",Approximate Completion Time in minutes = 35
SAP BW (Business Warehouse) (New),https://www.shl.com/solutions/products/product-catalog/view/sap-bw-business-warehouse-new/,"Multi-choice test that measures the knowledge of SAP architecture, meta data, data modelling, extraction, loading, scheduling, data reporting, performance tuning and SAP BW/BI integration.",yes,no,"Mid-Professional, Professional Individual Contributor,","English (USA),",Approximate Completion Time in minutes = 9
Manager - Short Form,https://www.shl.com/solutions/products/product-catalog/view/manager-short-form/,"The Manager solution is an assessment used for job candidates applying to entry-level leadership positions who tend to supervise salaried employees. Sample tasks for these jobs include, but are not limited to: planning projects with subordinates; collaborating with senior managers on developing new methods and procedures; coaching employees on performance-related issues; developing employees' skills; coordinating activities with other managers to accomplish organizational goals; setting and meeting department goals; prioritizing multiple tasks and priorities; making selected strategic and day-to-day decisions; and solving employees' and customers' problems. Potential job titles that use this solution are: Manager, Store Manager, and Branch Manager.",yes,yes,"Front Line Manager, Manager, Supervisor,","English (USA),",Approximate Completion Time in minutes = 57
Electronics and Embedded Systems Engineering (New),https://www.shl.com/solutions/products/product-catalog/view/electronics-and-embedded-systems-engineering-new/,"Multi-choice test that measures the candidates knowledge and understanding on concepts like embedded systems and, analog and digital electronics.",yes,no,"Graduate, Mid-Professional, Professional Individual Contributor,","English (USA),",Approximate Completion Time in minutes = 18
Apache HBase (New),https://www.shl.com/solutions/products/product-catalog/view/apache-hbase-new/,"Multi-choice test that measures the knowledge of HBase concepts such as CAP theorem, ACID properties, HBase client API, MapReduce integration, configuration and administration.",yes,no,"Mid-Professional, Professional Individual Contributor,","English (USA),",Approximate Completion Time in minutes = 5
Apache Spark (New),https://www.shl.com/solutions/products/product-catalog/view/apache-spark-new/,"Multi-choice test that measures the knowledge of Apache Spark principles, RDD operations - actions and transformations, lineage graphs and lazy evaluation.",yes,no,"Mid-Professional, Professional Individual Contributor,","English (USA),",Approximate Completion Time in minutes = 8
Apache Pig (New),https://www.shl.com/solutions/products/product-catalog/view/apache-pig-new/,"Multi-choice test that measures the knowledge of Pig architecture, built-in operators, built-in functions and commands in PigLatin.",yes,no,"Mid-Professional, Professional Individual Contributor,","English (USA),",Approximate Completion Time in minutes = 6
Apache Hive (New),https://www.shl.com/solutions/products/product-catalog/view/apache-hive-new/,"Multi-choice test that measures the knowledge of Hive architecture, datatypes, built-in functions, configurations, partitioning, bucketing and commands of Hive query language.",yes,no,"Mid-Professional, Professional Individual Contributor,","English (USA),",Approximate Completion Time in minutes = 5
Global Skills Development Report,https://www.shl.com/solutions/products/product-catalog/view/global-skills-development-report/,"This report is designed to be given to individuals who have completed the Global Skills Assessment (GSA). With coverage across the Great 8 Domains, this measure of self-reported behaviors offers a complete overview of their current skills. Participants receive actionable tips on leveraging their top skill strengths and how they might develop their growth skills.",yes,no,"Director, Entry-Level, Executive, General Population, Graduate, Manager, Mid-Professional, Front Line Manager, Supervisor,",Test Type:AEBCDP, 
Econometrics (New),https://www.shl.com/solutions/products/product-catalog/view/econometrics-new/,"Multi-choice test that measures the knowledge of statistical concepts, exploratory analysis and statistical testing required to analyze economic data.",yes,no,"Graduate, Mid-Professional, Professional Individual Contributor,","English (USA),",Approximate Completion Time in minutes = 11
Accounts Receivable (New),https://www.shl.com/solutions/products/product-catalog/view/accounts-receivable-new/,Multiple-choice test that measures the knowledge of processing receivables and invoices.,yes,no,"Entry-Level, Graduate, Mid-Professional, Professional Individual Contributor,","English (USA),",Approximate Completion Time in minutes = 13
SAP ABAP (Advanced Level) (New),https://www.shl.com/solutions/products/product-catalog/view/sap-abap-advanced-level-new/,"Multi-choice test that measures the knowledge of SAP ABAP dictionary, dialog programming, reports, enhancements, workflows, optimizations and advanced ABAP concepts like Netweaver applications and Adobe forms.",yes,no,"Mid-Professional, Professional Individual Contributor,","English (USA),",Approximate Completion Time in minutes = 12
Accounts Receivable Simulation (New),https://www.shl.com/solutions/products/product-catalog/view/accounts-receivable-simulation-new/,Simulated data entry test that measures the ability to process receivables and invoices.,yes,no,"Entry-Level, Graduate, Mid-Professional, Professional Individual Contributor,","English (USA),",Approximate Completion Time in minutes = 8
Electrical and Electronics Engineering (New),https://www.shl.com/solutions/products/product-catalog/view/electrical-and-electronics-engineering-new/,"Multi-choice test that measures the candidates knowledge and understanding on fundamentals of electrical engineering, instrumentation and control system and electronics.",yes,no,"Graduate, Mid-Professional, Professional Individual Contributor,","English (USA),",Approximate Completion Time in minutes = 14
Microsoft Word 365 (New),https://www.shl.com/solutions/products/product-catalog/view/microsoft-word-365-new/,"The Microsoft Word 365 simulation evaluates ability to perform certain operations in a simulated environment of Microsoft Word, and includes the following topics: Applying Illustrations and Graphics, Applying Page Layout, Creating Content, Creating, Printing, and Saving Documents, Formatting Content, Proofreading Documents and Reviewing, Maintaining, and Securing Documents.",yes,no,"Entry-Level,","English (USA),",Approximate Completion Time in minutes = 35
Pharmaceutics (New),https://www.shl.com/solutions/products/product-catalog/view/pharmaceutics-new/,"Multi-choice test that measures the knowledge of pharmaceutical engineering and technology for drug manufacture, biopharmaceutics, modern pharmaceutics and dispensing pharmacy.",yes,no,"Graduate, Mid-Professional, Professional Individual Contributor,","English (USA),",Approximate Completion Time in minutes = 12
Accounts Payable Simulation (New),https://www.shl.com/solutions/products/product-catalog/view/accounts-payable-simulation-new/,Simulated data entry test that measures the ability to process payables and vendor invoices.,yes,no,"Entry-Level, Graduate, Mid-Professional, Professional Individual Contributor,","English (USA),",Approximate Completion Time in minutes = 8
Sales Representative Solution,https://www.shl.com/solutions/products/product-catalog/view/sales-representative-solution/,"The Sales Representative solution is for entry-level sales positions in which employees proactively sell products to customers and have their pay and/or performance based on sales revenue. Sample tasks for these jobs include, but are not limited to: promoting products to customers, persuading customers to buy products, and completing a transaction with a customer. Potential job titles that use this solution are: Sales
Representative, Sales Associate, and Sales Clerk. Multiple configurations of this solution are available.",yes,yes,"Entry-Level,","English (USA),",Approximate Completion Time in minutes = 29
Housekeeping (New),https://www.shl.com/solutions/products/product-catalog/view/housekeeping-new/,"Multi-choice test that measures the knowledge of housekeeping activities such as cleaning, laundry, room maintenance and routine checks.",yes,no,"Entry-Level, Front Line Manager, Supervisor,","English (USA),",Approximate Completion Time in minutes = 7
Sales Professional Solution,https://www.shl.com/solutions/products/product-catalog/view/sales-professional-solution/,"The Sales Professional solution is for entry to mid-level sales positions in which employees proactively sell products to customers, develop relationships with repeat customers, and have their pay and/or performance heavily based on sales revenue. Sample tasks for these jobs include, but are not limited to: promoting products to customers, persuading customers to buy products, and building ongoing customer relationships.
Potential job titles that use this solution are: Sales Consultant, Sales Representative, and Account Representative. Multiple configurations of this solution are available.",yes,yes,"Mid-Professional,","English (USA),",Approximate Completion Time in minutes = 47
HiPo Assessment Report 1.0,https://www.shl.com/solutions/products/product-catalog/view/hipo-assessment-report-1-0/,"Part of SHLs High Potential solution and developed from SHLs extensive research into high-potential programs, the HIPO Assessment Report 1.0 helps organizations identify individuals with the strongest potential to succeed in senior and challenging roles. Using assessments such as the Motivation Questionnaire, OPQ, and Verify Cognitive Ability Tests, the report evaluates critical areas of aspiration, ability, and engagement. This version is used in regions where normed data for Verify Gen 1 and UCF 1 continue to provide the most relevant benchmarks, offering organizations proven insights for high-potential identification and talent development.",yes,no,Test Type:CP, , 
Verify - Technical Checking - Next Generation,https://www.shl.com/solutions/products/product-catalog/view/verify-technical-checking-next-generation/,"The Technical Checking assessment is part of the Verify suite of cognitive ability assessments. Technical Checking measures perceptual speed and accuracy. This assessment requires examinees to quickly and accurately match symbols and switches based on a given set of rules. The Technical Checking assessment is mostly non-verbal and features shapes and figures. As with all assessments included in the Verify suite, the Technical Checking assessment allows organizations to assess this aspect of cognitive ability in an unproctored setting. This assessment is appropriate for all job levels and job titles, but is especially relevant for jobs that require the ability to quickly assess the accuracy of information against a set of rules.",yes,no,"Entry-Level,","Latin American Spanish, English (USA), English International, French, German, Italian, Dutch, Chinese Simplified,",Approximate Completion Time in minutes = 5
Administrative Professional - Short Form,https://www.shl.com/solutions/products/product-catalog/view/administrative-professional-short-form/,"The Administrative Professional solution is for entry to mid-level positions that involve routine clerical and administrative functions in addition to office management functions and customer service. Sample tasks for this job include, but are not limited to: arranging conference calls; drafting correspondence; scheduling meetings; greeting visitors; coordinating office activities. Potential job titles that use this solution are: Administrative Assistant, Secretary, Office Manager, Administrative Aide, and Administrative Associate.",yes,yes,"Entry-Level,","English (USA),",Approximate Completion Time in minutes = 36
SAP HCM (Human Capital Management) (New),https://www.shl.com/solutions/products/product-catalog/view/sap-hcm-human-capital-management-new/,"Multi-choice test that measures the knowledge of SAP HR/ HCM structure, personnel administration, SAP HCM tasks, SAP HCM SuccessFactors solutions.",yes,no,"Mid-Professional, Professional Individual Contributor,","English (USA),",Approximate Completion Time in minutes = TBC
Verify - Verbal Ability - Next Generation,https://www.shl.com/solutions/products/product-catalog/view/verify-verbal-ability-next-generation/,"The Verbal Ability test measures the ability to read written passages and comprehend the text, interpret tone and author intent, identify main ideas, and predict author responses. Sample tasks for jobs that may require verbal ability include, but are not limited to: working with reports, correspondence, instructions, and research information. The Verbal Ability test, due to its adaptive nature, is appropriate for all job levels and roles.",yes,yes,"General Population, Graduate, Executive, Director, Entry-Level, Manager, Mid-Professional, Professional Individual Contributor, Supervisor, Front Line Manager,","English (USA), English International,",Approximate Completion Time in minutes = 15 minutes
Cashier Solution,https://www.shl.com/solutions/products/product-catalog/view/cashier-solution/,"The Cashier solution is for entry-level retail positions in which employees receive payment in the form of cash, check, or credit cards for goods purchased. Sample tasks for these jobs include, but are not limited to: handling payments, offering customer service, and issuing receipts and refunds. Potential job titles that use this solution are: Cashier, Sales Associate, and Clerk. There are multiple configurations and versions of this solution available.",yes,yes,"Entry-Level,","English (USA),",Approximate Completion Time in minutes = 28
Apprentice + 8.0 Job Focused Assessment,https://www.shl.com/solutions/products/product-catalog/view/apprentice-8-0-job-focused-assessment-4261/,"The Apprentice + 8.0 Job-Focused Assessment is a short, targeted, globally applicable assessment which includes a short cognitive ability measure. This assessment is designed for entry-level positions appropriate for countries and industries that use an apprenticeship model. It is intended to be used multi-nationally for organisations whose business spans across regions.",yes,no,"General Population, Graduate, Entry-Level,","English International, German,",Approximate Completion Time in minutes = 30
Branch Manager - Short Form,https://www.shl.com/solutions/products/product-catalog/view/branch-manager-short-form/,"This solution is for mid to upper-level financial institution managerial positions. Candidates answer a series of multiple choice questions to measure management potential, management judgment, leadership potential, team management, branch manager problem solving, business leadership, leadership motivation, interpersonal leadership, self leadership, and branch manager judgment. There are multiple configurations and versions of this solution available.",yes,no,"Front Line Manager, Manager, Supervisor,","English (USA),",Approximate Completion Time in minutes = 50
Dojo (New),https://www.shl.com/solutions/products/product-catalog/view/dojo-new/,"Multi-choice test that measures the knowledge of Dojo architecture, classes and libraries, styles, animation and Dojo queries.",yes,no,"Mid-Professional, Professional Individual Contributor,","English (USA),",Approximate Completion Time in minutes = 11
Stock Clerk Solution,https://www.shl.com/solutions/products/product-catalog/view/stock-clerk-solution/,"The Stock Clerk solution is for entry-level retail positions in which employees work primarily in the stockroom handling incoming and outgoing shipment and keeping the sales floor fully stocked.  Sample tasks for these jobs include, but are not limited to: unload product shipment, maintain stockroom organization, replenish supplies and products on the sales floor, and process outgoing shipments.  Potential job titles that use this solution are: Stock Clerk, Inventory Associate, and Warehouse Associate. Multiple configurations of this solution are available.",yes,no,"Entry-Level,","English (USA),",Approximate Completion Time in minutes = 25
Drupal (New),https://www.shl.com/solutions/products/product-catalog/view/drupal-new/,"Multi-choice test that measures the knowledge of Drupal setup, content management, user interface, module development and security.",yes,no,"Mid-Professional, Professional Individual Contributor,","English (USA),",Approximate Completion Time in minutes = 17
Insurance Sales Manager Solution,https://www.shl.com/solutions/products/product-catalog/view/insurance-sales-manager-solution/,"The Sales Manager solution is for entry- to mid-level management positions that involve supervising employees working in an insurance organization and have a substantial portion of their job performance based on sales. Sample tasks for this job include, but are not limited to: planning and preparing work schedules; promoting products to customers; training subordinates; analyzing sales statistics gathered by staff to determine sales potential and monitor preferences of customers; building ongoing customer relationships; and making day-to-day decisions with minimal guidance from others. Potential job titles that use this solution are: Insurance Sales Manager, Sales Manager, Assistant Sales Manager, and Sales Supervisor. Multiple configurations of this solution are available.",yes,yes,"Front Line Manager, Manager, Supervisor,","English (USA),",Approximate Completion Time in minutes = 51
Industrial - Semi-skilled 7.1 (International),https://www.shl.com/solutions/products/product-catalog/view/industrial-semi-skilled-7-1-%28international%29/,"Our Industrial  Semi-skilled 7.1 solution is designed for entry-level positions and measures the behaviors and experiences that underlie successful and safe performance for production workers. The solution assesses behaviors and competencies foundational to industrial roles including: following policies and procedures; applying relevant trade skills; wearing required protective equipment; working with or monitoring equipment; producing high quality work; effectively working with others; and maintaining an orderly work environment. 
Potential job titles that use this solution include: Production and Assembly Worker, Construction Worker, Extraction Technician.Please note this package is in International norm.",yes,no,"Entry-Level,","French (Canada), Finnish, English International, French, Danish, Norwegian, Swedish,",Approximate Completion Time in minutes = 24
Electrical Engineering (New),https://www.shl.com/solutions/products/product-catalog/view/electrical-engineering-new/,"Multi-choice test that measures the knowledge of basic electrical engineering, electrical machines, power systems, instrumentation, control systems and basic concepts of electronics.",yes,no,"Graduate, Mid-Professional, Professional Individual Contributor,","English (USA),",Approximate Completion Time in minutes = 8
Automata - Fix (New),https://www.shl.com/solutions/products/product-catalog/view/automata-fix-new/,"A simulated compiler integrated test to measure debugging skills in C, C++ and Java. The test checks the ability to fix logical or syntactical errors and to reuse an existing code.Your use of this assessment product may be subject to New York City Law 144 (Regulation of the Use of Automated Employment Decision Tools) (dated July 5, 2023). Compliance with Law 144 is your responsibility.
Read more on https://www.shl.com/legal/shl-us-regulatory-compliance/",yes,no,"Mid-Professional,","English (USA),",Approximate Completion Time in minutes = max 20
Manager + 7.0 Solution,https://www.shl.com/solutions/products/product-catalog/view/manager-7-0-solution-3955/,"Our Manager + 7.0 solution is designed for candidates applying to entry-level leadership positions who tend to supervise salaried employees, and includes SHLs new innovative mobile-first ability assessment, Verify Interactive  Deductive Reasoning. Sample tasks for these jobs include, but are not limited to: planning projects with subordinates; collaborating with senior managers on developing new methods and procedures; coaching employees on performance-related issues; developing employees ' skills; coordinating activities with other managers to accomplish organizational goals; setting and meeting department goals; prioritizing multiple tasks and priorities; making selected strategic and day-to-day decisions; and solving employees' and customers' problems.Report Language Availability:English (USA).",yes,yes,"Front Line Manager, Manager,","English (USA), English International,",Approximate Completion Time in minutes = 53
Production and Industrial Engineering (New),https://www.shl.com/solutions/products/product-catalog/view/production-and-industrial-engineering-new/,"Multi-choice test that measures the knowledge of production technology, quality management, and design and planning of manufacturing systems.",yes,no,"Graduate, Mid-Professional, Professional Individual Contributor,","English (USA),",Approximate Completion Time in minutes = 13
Verify - Inductive Reasoning (2014),https://www.shl.com/solutions/products/product-catalog/view/verify-inductive-reasoning-2014/,"Inductive Reasoning is a test used for job candidates applying to jobs at all levels that require logical reasoning ability. Sample tasks for jobs that may require inductive reasoning include, but are not limited to dealing with new concepts and approaches, answering questions of why and how and resolving complex and ambiguous problems. Potential job titles that use this ability are Senior Sales, Product/Service Development, Research and Development.",yes,yes,"Executive, Front Line Manager, General Population, Graduate, Manager, Mid-Professional, Professional Individual Contributor, Supervisor, Director, Entry-Level,","Portuguese (Brazil), Chinese Traditional, Chinese Simplified, Czech, Danish, Finnish, French, Hungarian, Indonesian, English International, Italian, Latin American Spanish, Norwegian, Portuguese, Russian, Thai, English (USA), French (Canada), Dutch, Polish, Slovak, Arabic, German, Greek, Japanese, Korean, Romanian, Serbian, Spanish, Swedish, Turkish,",Approximate Completion Time in minutes = 24
HTML/CSS (New),https://www.shl.com/solutions/products/product-catalog/view/htmlcss-new/,Multi-choice test that measures the knowledge of HTML to create a user interface and CSS to stylize it.,yes,no,"Mid-Professional, Professional Individual Contributor,","English (USA),",Approximate Completion Time in minutes = 12
MQ Candidate Motivation Report,https://www.shl.com/solutions/products/product-catalog/view/mq-candidate-motivation-report/,The Candidate Motivation Report is designed as a feedback report for the individual. It provides an in-depth and easy-to-understand evaluation of an individuals motivators and demotivators at work.,yes,no,"Director, Entry-Level, Executive, Front Line Manager, General Population, Graduate, Manager, Mid-Professional, Professional Individual Contributor, Supervisor,","English International, English (USA), Chinese Simplified,",Test Type:P
Mineral Engineering (New),https://www.shl.com/solutions/products/product-catalog/view/mineral-engineering-new/,"Multi-choice test that measures the knowledge of comminution and classification, physical separation process, particle technology, metallurgical thermodynamics, mineralogy, petrology and stratigraphy.",yes,no,"Graduate, Manager, Mid-Professional, Professional Individual Contributor, Supervisor,","English (USA),",Approximate Completion Time in minutes = 12
Accounts Payable (New),https://www.shl.com/solutions/products/product-catalog/view/accounts-payable-new/,"Multiple-choice test that measures the knowledge of processing payables and vendor invoices, and the posting of journal entries.",yes,no,"Entry-Level, Graduate, Mid-Professional, Professional Individual Contributor,","English (USA),",Approximate Completion Time in minutes = 9
MongoDB (New),https://www.shl.com/solutions/products/product-catalog/view/mongodb-new/,"Multi-choice test that measures the conceptual knowledge of MongoDB like sharding, replication, indexing, security and storage. It also checks the knowledge of MongoDB queries and data models.",yes,no,"Mid-Professional, Professional Individual Contributor,","English (USA),",Approximate Completion Time in minutes = 7
Power Electronics and Drives (New),https://www.shl.com/solutions/products/product-catalog/view/power-electronics-and-drives-new/,"Multi-choice test that measures the knowledge of power semiconductor devices, power electronic converters, drives and control systems.",yes,no,"Mid-Professional, Professional Individual Contributor, Graduate,","English (USA),",Approximate Completion Time in minutes = 15
Microsoft Word 365 - Essentials (New),https://www.shl.com/solutions/products/product-catalog/view/microsoft-word-365-essentials-new/,"The Microsoft Word 365 - Essentials simulation evaluates ability to perform certain operations in a simulated environment of Microsoft Word, and includes the following topics: Applying Illustrations and Graphics, Applying Page Layout, Creating Content, Creating, Printing, and Saving Documents, Formatting Content, Proofreading Documents and Reviewing, Maintaining, and Securing Documents.",yes,no,"Entry-Level,","English (USA),",Approximate Completion Time in minutes = 25
Bank Collections Agent - Short Form,https://www.shl.com/solutions/products/product-catalog/view/bank-collections-agent-short-form/,"This solution is for entry-level collections positions in an inbound or outbound call center environment in a financial setting. Candidates answer multiple choice questions to measure achievement orientation, dependability, collector numerical skills, revenue recovery, customer focus, and persistence and planfulness. There are multiple configurations and versions of this solution available.",yes,no,"Entry-Level,","English (USA),",Approximate Completion Time in minutes = 45
Automata (New),https://www.shl.com/solutions/products/product-catalog/view/automata-new/,"An AI-powered coding simulation assessment that evaluates candidates programming ability. Offers a familiar IDE environment available in over 40 different programming languages and tests candidates using real-world coding problems.Your use of this assessment product may be subject to New York City Law 144 (Regulation of the Use of Automated Employment Decision Tools) (dated July 5, 2023). Compliance with Law 144 is your responsibility.
Read more on https://www.shl.com/legal/shl-us-regulatory-compliance/",yes,no,"Mid-Professional, Professional Individual Contributor,","English (USA),",Approximate Completion Time in minutes = max 45
Verify G+ - Ability Test Report,https://www.shl.com/solutions/products/product-catalog/view/verify-g-ability-test-report/,"The SHL Verify G+ Ability Test Report provides the candidate's overall General Ability score alongside scores on Numerical, Deductive and Inductive Reasoning, using the comparison group selected by the user.",yes,no,Test Type:A, , 
Power System Engineering (New),https://www.shl.com/solutions/products/product-catalog/view/power-system-engineering-new/,"Multi-choice test that measures the knowledge of power generation and transmission, electrical machines, power systems and drives, control and instrumentation, fluid mechanics and machines.",yes,no,"Graduate, Mid-Professional, Professional Individual Contributor,","English (USA),",Approximate Completion Time in minutes = 12
HTML5 (New),https://www.shl.com/solutions/products/product-catalog/view/html5-new/,Multi-choice test that measures the knowledge of HTML5 and its application in creating a user interface.,yes,no,"Mid-Professional, Professional Individual Contributor,","English (USA),",Approximate Completion Time in minutes = 11
Economics (New),https://www.shl.com/solutions/products/product-catalog/view/economics-new/,"Multi-choice test that measures the conceptual knowledge of microeconomics, macroeconomics and international trade.",yes,no,"Graduate, Mid-Professional, Professional Individual Contributor,","English (USA),",Approximate Completion Time in minutes = 13
Senior Sales Professional Solution,https://www.shl.com/solutions/products/product-catalog/view/senior-sales-professional-solution/,"The Senior Sales Professional solution is for high-level sales positions in which employees proactively sell products to customers, develop relationships with new or existing customers, and have their pay and/or performance heavily based on sales revenue. Sample tasks for these jobs include, but are not limited to: promoting products to customers, consulting with and persuading customers to buy products, and building
ongoing customer relationships. Potential job titles that use this solution are: Senior Sales Representative, Business Development Manager, and Senior Sales Consultant. Multiple configurations of this solution are available.",yes,yes,"Professional Individual Contributor,","English (USA),",Approximate Completion Time in minutes = 42
Verify - General Ability Screen,https://www.shl.com/solutions/products/product-catalog/view/verify-general-ability-screen/,"The General Ability Screen is a first for us  a measure of general mental ability or g .
Targeted at entry-level roles, General Ability Screen is intended to precede other measures to provide process efficiency, and to ensure candidates experience the most positive possible assessment process, by being quick, fair and available as an online test 24/7/365. 
As the name suggests, the test is designed to be used in screening or sifting processes",yes,yes,"Entry-Level,","German, French (Canada), English (USA), English International, Latin American Spanish, Dutch, French, Chinese Simplified, Portuguese (Brazil), Turkish, Japanese,",Approximate Completion Time in minutes = 10
IBM Sterling Order Management System (New),https://www.shl.com/solutions/products/product-catalog/view/ibm-sterling-order-management-system-new/,"Multi-choice test that measures the knowledge of the basic concepts of Sterling Order Management System installation, modeling, extensibility, inventory reservations, etc.",yes,no,"Mid-Professional, Professional Individual Contributor,","English (USA),",Approximate Completion Time in minutes = 13
Electronics and Semiconductor Engineering (New),https://www.shl.com/solutions/products/product-catalog/view/electronics-and-semiconductor-engineering-new/,"Multi-choice test that measures the knowledge of semiconductors, two terminal and three terminal devices, analog electronics, digital electronics and basics of VLSI.",yes,no,"Graduate, Mid-Professional, Professional Individual Contributor,","English (USA),",Approximate Completion Time in minutes = 7
PJM Selection Report,https://www.shl.com/solutions/products/product-catalog/view/pjm-selection-report/,"The PJM Report provides a clear indication of each candidate's ""degree of fit"" to a role.  Provides targeted assessment results that match individuals with jobs . Links the essential/desirable competencies for a specific job with an individuals competency potential. Provides an overall Match (or fit) Score useful in ranking/sorting candidates for selection 
and/or development (e.g. Talent Audit).  It provides a highly visual profile of a candidate's strengths and limitations against identified required competencies. Includes a summary table that enables prioritisation of action planning for development of critical competencies for an individual (by tabling Competency Potential against Job Importance for the role). It includes highly descriptive statements about a candidate's strengths and development  needs/limitations. 
The extended report versions include proposed competency-based interview questions 
to enable probing of specific situations in which the candidate might have 
demonstrated critical job behaviours. 
  
The PJM Report is designed for use by line managers and HR professionals in selection and 
development situations. It is valuable for identifying an individual's overall fit as well as likely areas of 
strength and weakness relative to their behaviour at work. 
 
In a selection context, this information can be used: For making interviewers aware of the areas that may need further probing. As a basis for suggesting and creating relevant interview questions. For identifying the relative strengths and weaknesses of shortlisted candidates.",yes,no,"Mid-Professional, Manager,","Italian, English International, English (USA), Portuguese (Brazil), Latin American Spanish, French (Canada),",Test Type:ACP
Electronics & Telecommunications Engineering (New),https://www.shl.com/solutions/products/product-catalog/view/electronics-and-telecommunications-engineering-new/,"Multi-choice test that measures the candidates knowledge and understanding on semiconductors and semiconductor devices, analog and digital electronics, communication, electromagnetism and microwave engineering.",yes,no,"Graduate, Mid-Professional, Professional Individual Contributor,","English (USA),",Approximate Completion Time in minutes = 15
Pharmacology (New),https://www.shl.com/solutions/products/product-catalog/view/pharmacology-new/,"Multi-choice test that measures the knowledge of pharmacological drugs classification, chemotherapy, inflammatory disorders, drug action on nervous system, endocrine pharmacology, drug action on circulatory system and GI tract.",yes,no,"Graduate, Mid-Professional, Professional Individual Contributor,","English (USA),",Approximate Completion Time in minutes = 12
Store Manager 7.1 (Americas),https://www.shl.com/solutions/products/product-catalog/view/store-manager-7-1-%28americas%29/,"Our Store Manager 7.1 solution is designed for candidates applying to entry-level leadership positions who tend to supervise hourly employees in a retail or restaurant setting. Sample tasks for these jobs include, but are not limited to: planning and preparing work schedules, assigning employees to specific duties; coaching employees on attendance, conduct, schedule adherence, and work tasks, developing employees' skills; training subordinates; prioritizing multiple tasks and priorities; and making day-to-day decisions with minimal guidance from others.",yes,no,"Front Line Manager, Manager,","English (USA), Latin American Spanish, Portuguese (Brazil), French (Canada),",Approximate Completion Time in minutes = 34
Assessment and Development Center Exercises,https://www.shl.com/solutions/products/product-catalog/view/assessment-and-development-center-exercises/,"SHL offers a comprehensive range of Assessment and Development Centre exercise in digital format, for remote assessment through our Virtual Assessment and Development Centre platform.We offer a wide range of exercise types including group exercise, role plays, analysis presentations and written exercises.Exercises are available across a wide range of job levels and industry contexts.Contact SHL to find out more.",yes,no,"Director, Entry-Level, Executive, Front Line Manager, General Population, Graduate, Manager, Mid-Professional, Professional Individual Contributor, Supervisor,","English International, English (USA),",Approximate Completion Time in minutes = Variable
Sales Transformation Report 2.0 - Sales Manager,https://www.shl.com/solutions/products/product-catalog/view/sales-transformation-report-2-0-sales-manager/,"This report combines insights from the OPQ and a Sales Management questionnaire. It provides an accurate and objective measure of a sales managers capability to lead a sales team undergoing a sales transformation process. Insights included in this report include an overall job-fit score, and individual scores and score narratives for the behaviours included in SHLs Sales Transformation behavioural model.",yes,no,"Director, Executive, Front Line Manager, Manager, Supervisor,",Test Type:P, 
Bilingual Spanish Reservation Agent Solution,https://www.shl.com/solutions/products/product-catalog/view/bilingual-spanish-reservation-agent-solution/,"The Bilingual Reservation Agent solution is designed for customer centered entry-level positions within the hospitality industry. Sample tasks may include making, updating, or canceling hotel reservations made in English or Spanish; listening to customers speak Spanish and entering information into a computer in English; providing information on the hotel and the services offered. Potential job titles that use this solution are: Bilingual Reservation Agent, Customer Service Representative and Reservationist. Multiple configurations of this solution are available.",yes,yes,"Entry-Level,","English (USA), Latin American Spanish,",Approximate Completion Time in minutes = 43
Verify Interactive G+ Report,https://www.shl.com/solutions/products/product-catalog/view/verify-interactive-g-report/,Report for Verify Interactive G+,yes,no,"Graduate, Manager, Mid-Professional, Professional Individual Contributor,",Test Type:A, 
SAP Business Objects WebI (New),https://www.shl.com/solutions/products/product-catalog/view/sap-business-objects-webi-new/,"Multi-choice test that measures the knowledge of SAP interactive analysis, reporting, formatting and scheduling documents.",yes,no,"Mid-Professional, Professional Individual Contributor,","English (USA),",Approximate Completion Time in minutes = 10
Insurance Director Solution,https://www.shl.com/solutions/products/product-catalog/view/insurance-director-solution/,"The Insurance Director solution is for senior-level management positions in the insurance companies that oversee sales functions across multiple brokerages, offices, or agencies or geographic territories. Sample tasks for this job includes, but is not limited to: directing a group of sales managers or agency managers; having profit and loss responsibility for a district or region; and aligning work with overall company goals. Potential job titles that use this solution are: Regional Managers, Associate Directors, and Managing Directors. Multiple configurations of this solution are available.",yes,yes,"Director, Front Line Manager, Manager, Supervisor,","English (USA),",Approximate Completion Time in minutes = 49
Verify Interactive G+ Candidate Report,https://www.shl.com/solutions/products/product-catalog/view/verify-interactive-g-candidate-report/,Verify Interactive G+ Candidate Report,yes,no,Test Type:A, , 
Installation and Repair Technician Solution,https://www.shl.com/solutions/products/product-catalog/view/installation-and-repair-technician-solution/,"The Installation and Repair Technician solution is designed for use with entry-level field technician positions in the telecommunications industry. The solution is focused on positions that involve installing, repairing, and maintaining telecommunications equipment, along with some customer interaction, and little to no specific sales components. Sample tasks may include: installing or repairing end-user telecommunications equipment and services, interacting with customers, and installing, or repairing telecommunications network infrastructure. Potential job titles that use this solution are: Installer, Service Technician, and Customer Installation Technician. There are multiple configurations of this solution available.",yes,yes,"Professional Individual Contributor,","English (USA),",Approximate Completion Time in minutes = 49
"Bookkeeping, Accounting, Auditing Clerk Short Form",https://www.shl.com/solutions/products/product-catalog/view/bookkeeping-accounting-auditing-clerk-short-form/,"The Bookkeeping, Accounting, and Auditing Clerk solution is for entry-level positions that involve entering numerical data into computer systems and maintaining financial records. Sample tasks for this job include, but are not limited to: entering financial data into computers; checking financial records for accuracy; perform routine computations on financial data. Potential job titles that use this solution are: Accounting Clerk, Bookkeeper, Accounting Associate, Auditing Clerk and Accounts Receivable Clerk.",yes,yes,"Entry-Level,","English (USA),",Approximate Completion Time in minutes = 49
Industrial Engineering (New),https://www.shl.com/solutions/products/product-catalog/view/industrial-engineering-new/,"Multi-choice test that measures the conceptual knowledge of design, quality control, reliability, management and costing of manufacturing systems.",yes,no,"Graduate, Mid-Professional, Professional Individual Contributor,","English (USA),",Approximate Completion Time in minutes = 9
Verify Interactive Ability Report,https://www.shl.com/solutions/products/product-catalog/view/verify-interactive-ability-report/,Verify Interactive Ability Report,yes,no,Test Type:A, , 
Bank Operations Supervisor - Short Form,https://www.shl.com/solutions/products/product-catalog/view/bank-operations-supervisor-short-form/,"The Bank Operations Supervisor solution is for job candidates applying to entry-level leadership positions who tend to supervise hourly employees. Sample tasks for these jobs include, but are not limited to:  planning and preparing work schedules, assigning employees to specific duties; coaching  employees on attendance, conduct, schedule adherence, and work tasks, developing employees' skills ; training subordinates; prioritizing multiple tasks  and priorities; and making  day-to-day decisions with minimal guidance from others. Potential job titles that use this solution are: Team Leader, First Line Supervisor, Processing Supervisor, Call Center Supervisor, and Customer Service Supervisor. There are multiple configurations and versions of this solution available.",yes,yes,"Front Line Manager, Manager, Supervisor,","English (USA),",Approximate Completion Time in minutes = 45
MQ Employee Motivation Report,https://www.shl.com/solutions/products/product-catalog/view/mq-employee-motivation-report/,"The MQ Employee Motivation Report is ideal for use by line managers and those concerned with employees performance and well being, the Employee Motivation Report provides an in-depth and easy-to-understand evaluation of what motivates and de-motivates someone. It also offers a comprehensive list of tips and suggestions for managing the employees strongest motivators and demotivators.",yes,no,"Director, Entry-Level, Executive, Front Line Manager, General Population, Graduate, Manager, Mid-Professional, Professional Individual Contributor, Supervisor,","Chinese Simplified, English International, English (USA),",Test Type:P
Automata - SQL (New),https://www.shl.com/solutions/products/product-catalog/view/automata-sql-new/,"A simulated query writing test that measures the ability to write SQL queries to perform DDL, DML and DCL tasks.",yes,no,"Mid-Professional, Professional Individual Contributor,","English (USA),",Approximate Completion Time in minutes = max 30
Molecular Biology (New),https://www.shl.com/solutions/products/product-catalog/view/molecular-biology-new/,"Multi-choice test that measures the knowledge of molecular genetics, transgenics, rDNA technology, chromosomal genetics, transformation and related processes.",yes,no,"Graduate, Mid-Professional, Professional Individual Contributor,","English (USA),",Approximate Completion Time in minutes = 6
Informatica (Developer) (New),https://www.shl.com/solutions/products/product-catalog/view/informatica-developer-new/,"Multi-choice test that measures the knowledge of data warehousing, server architecture and administration, and real time implementation with Informatica.",yes,no,"Mid-Professional, Professional Individual Contributor,","English (USA),",Approximate Completion Time in minutes = 11
Human Resources (New),https://www.shl.com/solutions/products/product-catalog/view/human-resources-new/,"Multi-choice test that measures the candidate on his/her knowledge and understanding of the basic concepts of Human Resources Management like planning, training and development, performance appraisal, compensation management, etc. It also evaluates the candidates understanding of organizational behavior in different organizational structures.",yes,no,"Graduate, Manager, Mid-Professional, Professional Individual Contributor, Supervisor,","English (USA),",Approximate Completion Time in minutes = 8
HiPo Unlocking Potential Report 2.0,https://www.shl.com/solutions/products/product-catalog/view/hipo-unlocking-potential-report-2-0/,"This report draws insights from the Occupational Personality QuestionnaireTM (OPQ32). Used for individuals who are selected into a clients HiPo program, it provides a detailed analysis of managerial and leadership potential.",yes,no,Test Type:C, , 
Insurance Account Manager Solution,https://www.shl.com/solutions/products/product-catalog/view/insurance-account-manager-solution/,"The Insurance Account Manager solution is for mid-level insurance professionals that manage the day-to-day operations and activities of customer accounts.  Sample tasks for this job include, but are not limited to: soliciting sales of new or additional products or services; interacting with customers to provide information in response to inquiries about products and services and to handle and resolve complaints; keeping records of customer interactions and transactions; resolving customers' service or billing complaints; determining charges for services requested; collecting deposits or payments; and arranging for billing.  Potential job titles that use this solution are: Account Executive, Account Manager, and Senior Account Manager.  Multiple configurations of this solution are available.",yes,yes,"Mid-Professional,","English (USA),",Approximate Completion Time in minutes = 48
Verify - G+,https://www.shl.com/solutions/products/product-catalog/view/verify-g/,"The G+ test is part of the Verify suite of cognitive ability tests. The test is designed to measure three types of ability: Numerical, Deductive, and Inductive. There are 30 questions in the test, with 10 questions for each of the three abilities measured. Sample tasks for jobs that may require these abilities include, but are not limited to: evaluating arguments, analyzing scenarios, working with data, doing mathematical computations, interpreting graphs and tables, and drawing logical conclusions. The G+ test, due to its adaptive nature, is appropriate for all job levels and roles.",yes,yes,"General Population, Graduate, Manager, Mid-Professional, Professional Individual Contributor, Supervisor, Director, Entry-Level, Executive, Front Line Manager,","Romanian, English (USA), English International, French (Canada), Latin American Spanish, Arabic, Dutch, French, German, Swedish, Chinese Simplified, Chinese Traditional, Czech, Danish, Greek, Hungarian, Italian, Korean, Norwegian, Polish, Portuguese, Thai, Turkish, Finnish, Japanese, Spanish, Indonesian, Russian, Slovak, Serbian, Portuguese (Brazil), Vietnamese,",Approximate Completion Time in minutes = 36
ASP .NET with C# (New),https://www.shl.com/solutions/products/product-catalog/view/asp-net-with-c-new/,"Multi-choice test that measures the knowledge of .NET framework and controls, C# fundamentals, OOPs concepts and advanced topics such as data access components, state management and security services.",yes,no,"Mid-Professional, Professional Individual Contributor,","English (USA),",Approximate Completion Time in minutes = 13
Insurance Administrative Assistant Solution,https://www.shl.com/solutions/products/product-catalog/view/insurance-administrative-assistant-solution/,"The Administrative Assistant solution is for entry-level clerical positions that interact with external or internal customers. Sample tasks for this job include, but are not limited to: answering telephones; managing files and records; sorting mail; handling information requests; greeting customers; and collaborating with co-workers on projects. Potential job titles that use this solution are: Receptionist and Administrative Assistant. Multiple configurations of this solution are available.",yes,yes,"Entry-Level,","English (USA),",Approximate Completion Time in minutes = 24
Docker (New),https://www.shl.com/solutions/products/product-catalog/view/docker-new/,"Multi-choice test that measures the knowledge of Docker container, data management, Docker performance and swarm.",yes,no,"Mid-Professional, Professional Individual Contributor,","English (USA),",Approximate Completion Time in minutes = 10
Sales Support Specialist Solution,https://www.shl.com/solutions/products/product-catalog/view/sales-support-specialist-solution/,"The Sales Support Specialist solution is for entry to mid-level sales support positions in which employees work primarily under the guidance of an account manager or operations manager in support of client accounts. Sample tasks for these jobs include, but are not limited to: implementing customer orders, assisting with and coordinating activities, and utilizing processes to meet customer requirements. Potential job titles that use
this solution are: Implementation Specialist, Project Assistant, and Sales Support Assistant. Multiple configurations of this solution are available.",yes,yes,"Entry-Level,","English (USA),",Approximate Completion Time in minutes = 43
.NET WPF (New),https://www.shl.com/solutions/products/product-catalog/view/net-wpf-new/,"Multi-choice test that measures the knowledge of .NET basics, WPF, XAML controls, events, layouts, working with WPF windows/menus and deploying WPF applications.",yes,no,"Mid-Professional, Professional Individual Contributor,","English (USA),",Approximate Completion Time in minutes = 9
Pharmaceutical Chemistry (New),https://www.shl.com/solutions/products/product-catalog/view/pharmaceutical-chemistry-new/,"Multi-choice test that measures the knowledge of physical chemistry, organic chemistry, inorganic chemistry, biochemistry and medicinal chemistry.",yes,no,"Graduate, Mid-Professional, Professional Individual Contributor,","English (USA),",Approximate Completion Time in minutes = 17
.NET MVC (New),https://www.shl.com/solutions/products/product-catalog/view/net-mvc-new/,"Multi-choice test that measures the knowledge of Model-View-Controller (MVC) architecture, validation, security, routing, and areas.",yes,no,"Mid-Professional, Professional Individual Contributor,","English (USA),",Approximate Completion Time in minutes = 17
SAP Basis (New),https://www.shl.com/solutions/products/product-catalog/view/sap-basis-new/,"Multi-choice test that measures the knowledge of SAP architecture, database administration, background processing, user administration, client administration, system administration, monitoring and transport management.",yes,no,"Mid-Professional, Professional Individual Contributor,","English (USA),",Approximate Completion Time in minutes = 9
Store Manager 7.0 Solution,https://www.shl.com/solutions/products/product-catalog/view/store-manager-7-0-solution/,"Our Store Manager 7.0 solution is designed for candidates applying to entry-level leadership positions who tend to supervise hourly employees in a retail or restaurant setting. Sample tasks for these jobs include, but are not limited to: planning and preparing work schedules, assigning employees to specific duties; coaching employees on attendance, conduct, schedule adherence, and work tasks, developing employees' skills; training subordinates; prioritizing multiple tasks and priorities; and making day-to-day decisions with minimal guidance from others.Report Language Availability:English (USA), Latin American Spanish.",yes,no,"Front Line Manager, Manager,","English (USA), English International, French (Canada), Latin American Spanish,",Approximate Completion Time in minutes = 34
Prism (New),https://www.shl.com/solutions/products/product-catalog/view/prism-new/,"Multi-choice test that measures the knowledge of modules, patterns and other basic concepts of using the Prism library.",yes,no,"Mid-Professional, Professional Individual Contributor,","English (USA),",Approximate Completion Time in minutes = 4
Apache Kafka (New),https://www.shl.com/solutions/products/product-catalog/view/apache-kafka-new/,"Multi-choice test that measures the knowledge of Apache Kafka architecture, components, clusters, performance tuning and advanced operations.",yes,no,"Mid-Professional, Professional Individual Contributor,","English (USA),",Approximate Completion Time in minutes = 6
Sales Transformation Report 1.0 - Sales Manager,https://www.shl.com/solutions/products/product-catalog/view/sales-transformation-report-sales-manager/,"This report combines insights from the OPQ and a Sales Management questionnaire. It provides an accurate and objective measure of a sales managers capability to lead a sales team undergoing a sales transformation process. Insights included in this report include an overall job-fit score, and individual scores and score narratives for the behaviours included in SHLs Sales Transformation behavioural model.",yes,no,"Director, Executive, Front Line Manager, Manager, Supervisor,",Test Type:P, 
Verify G+ - Candidate Report,https://www.shl.com/solutions/products/product-catalog/view/verify-g-candidate-report/,"The SHL Verify G+ Ability Candidate Report provides the candidate with feedback on their Numerical, Deductive and Inductive Reasoning results. It does not include the overall score, as it is intended for feedback and developmental purposes. The report focuses on how the candidate can improve their abilities in each area (deductive, inductive, and numerical). Please note: language availability for the G+ Candidate Report is currently more limited than for the manger-facing G+ Ability Report.",yes,no,Test Type:A, , 
Server Solution,https://www.shl.com/solutions/products/product-catalog/view/server-solution/,"The Server solution is designed for entry-level positions in the hospitality industry. Sample tasks include greeting customers, taking customer food and drink orders and delivering food items to guests. The solution is focused on work ethic, customer focus and sales. Potential job titles that use this solution are: Server and Waiter/Waitress. Multiple configurations of this solution are available.",yes,yes,"Entry-Level,","English (USA),",Approximate Completion Time in minutes = 40
Verify - Numerical Ability,https://www.shl.com/solutions/products/product-catalog/view/verify-numerical-ability/,"The next-generation Verify Numerical Ability Test provides a replacement for the existing Numerical Reasoning test in our Verify range of ability tests and the Global Cognitive Index  Adaptive Quantitative test, and measures the ability to:
	Derive the numerical problem from a written problem
	Calculate the answer to numerical equations
	Work with numerical data in a realistic workplace context

The test is 20 minutes long, has 16 items and is designed to provide an indication of how an individual will perform when asked to work with numerical information or statistical details.",yes,yes,"Director, Entry-Level, Executive, Front Line Manager, General Population, Graduate, Manager, Mid-Professional, Professional Individual Contributor, Supervisor,","Arabic, Portuguese (Brazil), French (Canada), Chinese Simplified, Czech, Dutch, Finnish, French, German, Hungarian, Indonesian, English International, Italian, Japanese, Korean, Norwegian, Portuguese, Romanian, Russian, Slovak, Spanish, Swedish, Turkish, English (USA), Latin American Spanish, Polish, Serbian, Chinese Traditional, Danish, Thai, Greek,",Approximate Completion Time in minutes = 20
Salesforce Development (New),https://www.shl.com/solutions/products/product-catalog/view/salesforce-development-new/,"Multi-choice test that measures the knowledge of Salesforce platform, design and data models, business logic, data management and analytics.",yes,no,"Mid-Professional, Professional Individual Contributor,","English (USA),",Approximate Completion Time in minutes = 15
Pharmaceutical Science (New),https://www.shl.com/solutions/products/product-catalog/view/pharmaceutical-science-new/,"Multi-choice test that measures the knowledge of drug manufacture, drug delivery, drug action, and pharmaceutical analysis techniques.",yes,no,"Graduate, Mid-Professional, Professional Individual Contributor,","English (USA),",Approximate Completion Time in minutes = 7
Service Supervisor Solution,https://www.shl.com/solutions/products/product-catalog/view/service-supervisor-solution/,"The Service Supervisor solution is designed for entry-level leadership positions in the hospitality industry that oversee hourly and salaried employees in customer facing positions (e.g. Front Desk Associate, Concierge, Guest Service Associate). Individuals in these roles perform many of hte duties of the employees they supervise. Sample tasks may include: assisting challenging guests, coaching employees on their customer service skills, taking corrective action when an employee is performing poorly, and monitoring employees to assess the satisfactory completion of tasks. Potential job titles that use this solution are: Front Desk Manager, Guest Services Supervisor, and Front Desk Supervisor. Multiple configurations of this solution are available.",yes,yes,"Front Line Manager, Manager, Supervisor,","English (USA),",Approximate Completion Time in minutes = 48
Microsoft Windows Server 2012 Administration,https://www.shl.com/solutions/products/product-catalog/view/microsoft-windows-server-2012-administration/,"The Microsoft Windows Server 2012 Administration test measures knowledge of Windows Server Administration. Designed for experienced Network Administrators, this test includes the following topics: Active Directory, Administrative Tasks, Computer Properties, Configuration and Management, Design and Installation, Local Security Policy, Networking, Security, and Server Management.",yes,yes,"Mid-Professional, Professional Individual Contributor,","English (USA),",Approximate Completion Time in minutes = 35
Mining Engineering (New),https://www.shl.com/solutions/products/product-catalog/view/mining-engineering-new/,"Multi-choice test that measures the knowledge of mining methods, mineral processing, mining machinery, mineralogy, petrology and stratigraphy.",yes,no,"Graduate, Manager, Mid-Professional, Professional Individual Contributor, Supervisor,","English (USA),",Approximate Completion Time in minutes = 16
Senior Insurance Agent Solution,https://www.shl.com/solutions/products/product-catalog/view/senior-insurance-agent-solution/,"The Senior Insurance Agent solution is for senior-level professional positions in the insurance industry that sell a portfolio of insurance products, including property, casualty, automotive, health, and life. Sample tasks for this position include, but are not limited to: calling on policyholders to deliver and explain policies or suggest additions or changes; calculating premiums; customizing insurance programs to suit individual customers; ensuring policy requirements are fulfilled; and conferring with clients to obtain and provide information when claims are made on a policy. Potential job titles that use this solution are: Insurance Senior Sales Professional, Senior Producer, Insurance Sales Agent, and Insurance Agent. Multiple configurations of this solution are available.",yes,no,"Professional Individual Contributor,","English (USA),",Approximate Completion Time in minutes = 44
English Comprehension (New),https://www.shl.com/solutions/products/product-catalog/view/english-comprehension-new/,"Multiple-choice test that measures vocabulary, grammar and reading comprehension skills.",yes,no,"Entry-Level,","English (USA),",Approximate Completion Time in minutes = 0
Motivation Questionnaire MQM5,https://www.shl.com/solutions/products/product-catalog/view/motivation-questionnaire-mqm5/,"By understanding what motivates their staff, managers can unlock each individuals full potential and direct their energies more constructively. This questionnaire measures 18 dimensions of an individuals motivation, and provides a comprehensive understanding of those situations which increase and reduce their motivation.",yes,no,"Director, Entry-Level, Executive, Front Line Manager, General Population, Graduate, Manager, Mid-Professional, Professional Individual Contributor, Supervisor,","Latin American Spanish, Portuguese (Brazil), Latvian, Danish, Indonesian, Swedish, Turkish, Portuguese, French (Canada), Japanese, Chinese Traditional, Flemish, French (Belgium), Spanish, Finnish, French, German, Greek, Italian, Polish, Romanian, Russian, English International, English (USA), Chinese Simplified, Dutch, Hungarian, Norwegian, Czech, Slovak, English (Australia), Arabic, Korean,","Approximate Completion Time in minutes = Untimed, approx. 25"
.NET MVVM (New),https://www.shl.com/solutions/products/product-catalog/view/net-mvvm-new/,"Multi-choice test that measures the knowledge of MVVM pattern, scenarios, data validation, ViewModel communication and Quick-start.",yes,no,"Mid-Professional, Professional Individual Contributor,","English (USA),",Approximate Completion Time in minutes = 5
MQ Motivation Report Pack,https://www.shl.com/solutions/products/product-catalog/view/mq-motivation-report-pack/,"The MQ Report pack consists of the Profile Chart, Employee Motivation Report and the Candidate Report and is a cost effective way of ensuring that your organisation takes a comprehensive approach to understanding what motivates its employees.",yes,no,"General Population, Graduate, Manager, Mid-Professional, Professional Individual Contributor, Supervisor, Director, Entry-Level, Executive, Front Line Manager,","Chinese Simplified, English International, English (USA),",Test Type:P
Informatica (Architecture) (New),https://www.shl.com/solutions/products/product-catalog/view/informatica-architecture-new/,"Multi-choice test that measures the knowledge of data warehousing, server architecture and administration, and real time implementation with Informatica.",yes,no,"Mid-Professional, Professional Individual Contributor,","English (USA),",Approximate Completion Time in minutes = 10
PHP (New),https://www.shl.com/solutions/products/product-catalog/view/php-new/,"Multi-choice test that measures the knowledge of OOPs & programming constructs, web & database handling and advanced PHP.",yes,no,"Mid-Professional, Professional Individual Contributor,","English (USA),",Approximate Completion Time in minutes = 8
.NET WCF (New),https://www.shl.com/solutions/products/product-catalog/view/net-wcf-new/,"Multi-choice test that measures the knowledge of .NET fundamentals, WCF architecture, programming model, SOA, managing and programming WCF.",yes,no,"Mid-Professional, Professional Individual Contributor,","English (USA),",Approximate Completion Time in minutes = 11
.NET Framework 4.5,https://www.shl.com/solutions/products/product-catalog/view/net-framework-4-5/,"The.NET Framework 4.5 test measures knowledge of .NET environment. Designed for experienced users, this test covers the following topics: Application Development, Application Foundation, Data Modeling, Deployment, Diagnostics, Performance, Portability, and Security.",yes,yes,"Professional Individual Contributor, Mid-Professional,","English (USA),",Approximate Completion Time in minutes = 30
DSI v1.1 Interpretation Report,https://www.shl.com/solutions/products/product-catalog/view/dsi-v1-1-interpretation-report/,DSI v1.1 Interpretation Report,yes,no,"Portuguese (Brazil), Dutch, Finnish, French, Latin American Spanish, Norwegian, Swedish, English (USA), English International, Chinese Simplified, Chinese Traditional, Danish, German, Icelandic, Italian, Russian,",Test Type:P, 
Insurance Agent Solution,https://www.shl.com/solutions/products/product-catalog/view/insurance-agent-solution/,"The Insurance Agent solution is for mid-level professional positions in the insurance industry that sell property, casualty, automotive, or other types of insurance. Sample tasks for this position include, but are not limited to: calling on policyholders to deliver and explain policies or suggest additions or changes; calculating premiums; customizing insurance programs to suit individual customers; ensuring policy requirements are fulfilled; and conferring with clients to obtain and provide information when claims are made on a policy. Potential job titles that use this solution are: Insurance Sales Professional; Insurance Sales Agent; Producer; Insurance Agent. Multiple configurations of this solution are available.",yes,yes,"Mid-Professional,","English (USA),",Approximate Completion Time in minutes = 46
HiPo Assessment Report 2.0,https://www.shl.com/solutions/products/product-catalog/view/hipo-assessment-report-2-0/,"Part of SHLs High Potential solution and developed from SHLs extensive research into high-potential programs, the HIPO Assessment Report 2.0 helps organizations identify individuals with the strongest potential to succeed in senior and challenging roles. Using assessments such as the Motivation Questionnaire, OPQ, and Verify Cognitive Ability Tests, the report evaluates critical areas of aspiration, ability, and engagement. This report equips organizations with data-driven insights for identifying and developing future leaders, helping to ensure long-term organizational success.",yes,no,Test Type:CP, , 
Account Manager Solution,https://www.shl.com/solutions/products/product-catalog/view/account-manager-solution/,"The Account Manager solution is an assessment used for job candidates applying to mid-level leadership positions that tend to manage the day-to-day operations and activities of client accounts. Sample tasks for these jobs include, but are not limited to: communicating with clients about project status, developing and maintaining project plans, coordinating internally with appropriate project personnel, and ensuring client expectations are being met. Potential job titles that use this solution are: Account Executive, Account Manager, and Senior Account Manager. There are multiple configurations of this solution available.",yes,yes,"Mid-Professional,","English (USA),",Approximate Completion Time in minutes = 49
Industrial Professional and Skilled 7.1 Solution,https://www.shl.com/solutions/products/product-catalog/view/industrial-professional-and-skilled-7-1-solution/,"Our Industrial  Professional and Skilled 7.1 solution is designed to measure the behaviors and experiences that underlie successful and safe performance in the workplace for specialized technical or professional industrial roles. 
This solution assesses mechanical comprehension and other foundational behaviors including: behaving safely and efficiently in the workplace; installing, repairing, and/or maintaining equipment and machinery; making sound mechanical decisions; maintaining an orderly work environment; and producing high quality and reliable work.IMPORTANT! Please note that you will need to select the correct package depending on which norm you intend to use. The package available for this product is International and Americas"".",yes,no,"Entry-Level,","Portuguese (Brazil), Swedish, English International, Dutch, Italian, French, English (USA), French (Canada), Norwegian, German,",Approximate Completion Time in minutes = 49
Apprentice 8.0 Job Focused Assessment,https://www.shl.com/solutions/products/product-catalog/view/apprentice-8-0-job-focused-assessment/,"The Apprentice 8.0 Job-Focused Assessment is a short, targeted, globally applicable assessment. This assessment is designed for entry-level positions appropriate for countries and industries that use an apprenticeship model. It is intended to be used multi-nationally for organizations whose business spans across regions.",yes,no,"Entry-Level, General Population, Graduate,","English International, German, French,",Approximate Completion Time in minutes = 20
Mobility (New),https://www.shl.com/solutions/products/product-catalog/view/mobility-new/,Multi-choice test that measures the knowledge on topics related to mobility and mobile computing.,yes,no,"Mid-Professional, Professional Individual Contributor,","English (USA),",Approximate Completion Time in minutes = 9
PJM Development Report,https://www.shl.com/solutions/products/product-catalog/view/pjm-development-report/,"The Person-Job Match Report is unique in that it
matches the performance potential of the
individual to the jobs specific competencies. This
provides you with a comprehensive and insightful
understanding of person-job fit.  The PJM Development report is written to support competency focused development of an individual.

In a development context, this report can be used: To identify specific areas of strength and weakness that may impact on the individual?s 
performance.As the basis for identifying areas for development and development planning. For discussing fit to future roles and career planning.",yes,no,"Mid-Professional, Graduate, Manager,","Italian, English International, English (USA), French (Canada), Portuguese (Brazil), Latin American Spanish,",Test Type:CAP
